patron_zip,patron_type,library
90401,Adult,Ocean Park Branch
90401,Adult,Ocean Park Branch
90401,Adult,Ocean Park Branch
90401,Adult,Ocean Park Branch
90401,Adult,Ocean Park Branch
90401,Adult,Ocean Park Branch
90401,Adult,Ocean Park Branch
90401,Adult,Ocean Park Branch
90401,Adult,Ocean Park Branch
90401,Juvenile,Ocean Park Branch
90401,Adult,Ocean Park Branch
90401,Adult,Ocean Park Branch
90401,Adult,Ocean Park Branch
90401,Adult,Ocean Park Branch
90401,Adult,Ocean Park Branch
90401,Teen,Ocean Park Branch
90402,Adult,Ocean Park Branch
90402,Adult,Ocean Park Branch
90402,Adult,Ocean Park Branch
90402,Adult,Ocean Park Branch
90402,Adult,Ocean Park Branch
90402,Adult,Ocean Park Branch
90402,Adult,Ocean Park Branch
90402,Adult,Ocean Park Branch
90402,Teen,Ocean Park Branch
90402,Teen,Ocean Park Branch
90402,Adult,Ocean Park Branch
90402,Adult,Ocean Park Branch
90402,Adult,Ocean Park Branch
90402,Adult,Ocean Park Branch
90402,Adult,Ocean Park Branch
90402,Adult,Ocean Park Branch
90402,Adult,Ocean Park Branch
90402,Adult,Ocean Park Branch
90402,Adult,Ocean Park Branch
90402,Adult,Ocean Park Branch
90402,Adult,Ocean Park Branch
90402,Adult,Ocean Park Branch
90402,Adult,Ocean Park Branch
90402,Adult,Ocean Park Branch
90402,Adult,Ocean Park Branch
90402,Adult,Ocean Park Branch
90402,Teen,Ocean Park Branch
90402,Adult,Ocean Park Branch
90402,Juvenile,Ocean Park Branch
90403,Adult,Ocean Park Branch
90403,Adult,Ocean Park Branch
90403,Adult,Ocean Park Branch
90403,Adult,Ocean Park Branch
90403,Adult,Ocean Park Branch
90403,Adult,Ocean Park Branch
90403,Adult,Ocean Park Branch
90403,Adult,Ocean Park Branch
90403,Teen,Ocean Park Branch
90403,Adult,Ocean Park Branch
90403,Adult,Ocean Park Branch
90403,Adult,Ocean Park Branch
90403,Adult,Ocean Park Branch
90403,Adult,Ocean Park Branch
90403,Teen,Ocean Park Branch
90403,Adult,Ocean Park Branch
90403,Adult,Ocean Park Branch
90403,Adult,Ocean Park Branch
90403,Adult,Ocean Park Branch
90403,Teen,Ocean Park Branch
90403,Adult,Ocean Park Branch
90403,Adult,Ocean Park Branch
90403,Adult,Ocean Park Branch
90403,Juvenile,Ocean Park Branch
90404,Adult,Ocean Park Branch
90404,Adult,Ocean Park Branch
90404,Adult,Ocean Park Branch
90404,Juvenile,Ocean Park Branch
90404,Adult,Ocean Park Branch
90404,Adult,Ocean Park Branch
90404,Adult,Ocean Park Branch
90404,Adult,Ocean Park Branch
90404,Adult,Ocean Park Branch
90404,Adult,Ocean Park Branch
90404,Adult,Ocean Park Branch
90404,Adult,Ocean Park Branch
90404,Juvenile,Ocean Park Branch
90404,Juvenile,Ocean Park Branch
90404,Adult,Ocean Park Branch
90404,Adult,Ocean Park Branch
90404,Juvenile,Ocean Park Branch
90404,Juvenile,Ocean Park Branch
90404,Adult,Ocean Park Branch
90404,Adult,Ocean Park Branch
90404,Teen,Ocean Park Branch
90405,Adult,Ocean Park Branch
90405,Juvenile,Ocean Park Branch
90405,Adult,Ocean Park Branch
90405,Adult,Ocean Park Branch
90405,Juvenile,Ocean Park Branch
90405,Juvenile,Ocean Park Branch
90405,Teen,Ocean Park Branch
